[
  {"name": "anti-mage", "hero_id": 1},
  {"name": "axe", "hero_id": 2},
  {"name": "bane", "hero_id": 3},
  {"name": "bloodseeker", "hero_id": 4},
  {"name": "crystal-maiden", "hero_id": 5},
  {"name": "drow-ranger", "hero_id": 6},
  {"name": "earthshaker", "hero_id": 7},
  {"name": "juggernaut", "hero_id": 8},
  {"name": "mirana", "hero_id": 9},
  {"name": "morphling", "hero_id": 10},
  {"name": "shadow-fiend", "hero_id": 11},
  {"name": "phantom-lancer", "hero_id": 12},
  {"name": "puck", "hero_id": 13},
  {"name": "pudge", "hero_id": 14},
  {"name": "razor", "hero_id": 15},
  {"name": "sand-king", "hero_id": 16},
  {"name": "storm-spirit", "hero_id": 17},
  {"name": "sven", "hero_id": 18},
  {"name": "tiny", "hero_id": 19},
  {"name": "vengeful-spirit", "hero_id": 20},
  {"name": "windranger", "hero_id": 21},
  {"name": "zeus", "hero_id": 22},
  {"name": "kunkka", "hero_id": 23},
  {"name": "lina", "hero_id": 25},
  {"name": "lion", "hero_id": 26},
  {"name": "shadow-shaman", "hero_id": 27},
  {"name": "slardar", "hero_id": 28},
  {"name": "tidehunter", "hero_id": 29},
  {"name": "witch-doctor", "hero_id": 30},
  {"name": "lich", "hero_id": 31},
  {"name": "riki", "hero_id": 32},
  {"name": "enigma", "hero_id": 33},
  {"name": "tinker", "hero_id": 34},
  {"name": "sniper", "hero_id": 35},
  {"name": "necrophos", "hero_id": 36},
  {"name": "warlock", "hero_id": 37},
  {"name": "beastmaster", "hero_id": 38},
  {"name": "queen-of-pain", "hero_id": 39},
  {"name": "venomancer", "hero_id": 40},
  {"name": "faceless-void", "hero_id": 41},
  {"name": "wraith-king", "hero_id": 42},
  {"name": "death-prophet", "hero_id": 43},
  {"name": "phantom-assassin", "hero_id": 44},
  {"name": "pugna", "hero_id": 45},
  {"name": "templar-assassin", "hero_id": 46},
  {"name": "viper", "hero_id": 47},
  {"name": "luna", "hero_id": 48},
  {"name": "dragon-knight", "hero_id": 49},
  {"name": "dazzle", "hero_id": 50},
  {"name": "clockwerk", "hero_id": 51},
  {"name": "leshrac", "hero_id": 52},
  {"name": "nature's-prophet", "hero_id": 53},
  {"name": "lifestealer", "hero_id": 54},
  {"name": "dark-seer", "hero_id": 55},
  {"name": "clinkz", "hero_id": 56},
  {"name": "omniknight", "hero_id": 57},
  {"name": "enchantress", "hero_id": 58},
  {"name": "huskar", "hero_id": 59},
  {"name": "night-stalker", "hero_id": 60},
  {"name": "broodmother", "hero_id": 61},
  {"name": "bounty-hunter", "hero_id": 62},
  {"name": "weaver", "hero_id": 63},
  {"name": "jakiro", "hero_id": 64},
  {"name": "batrider", "hero_id": 65},
  {"name": "chen", "hero_id": 66},
  {"name": "spectre", "hero_id": 67},
  {"name": "ancient-apparition", "hero_id": 68},
  {"name": "doom", "hero_id": 69},
  {"name": "ursa", "hero_id": 70},
  {"name": "spirit-breaker", "hero_id": 71},
  {"name": "gyrocopter", "hero_id": 72},
  {"name": "alchemist", "hero_id": 73},
  {"name": "invoker", "hero_id": 74},
  {"name": "silencer", "hero_id": 75},
  {"name": "outworld-destroyer", "hero_id": 76},
  {"name": "lycan", "hero_id": 77},
  {"name": "brewmaster", "hero_id": 78},
  {"name": "shadow-demon", "hero_id": 79},
  {"name": "lone-druid", "hero_id": 80},
  {"name": "chaos-knight", "hero_id": 81},
  {"name": "meepo", "hero_id": 82},
  {"name": "treant-protector", "hero_id": 83},
  {"name": "ogre-magi", "hero_id": 84},
  {"name": "undying", "hero_id": 85},
  {"name": "rubick", "hero_id": 86},
  {"name": "disruptor", "hero_id": 87},
  {"name": "nyx-assassin", "hero_id": 88},
  {"name": "naga-siren", "hero_id": 89},
  {"name": "keeper-of-the-light", "hero_id": 90},
  {"name": "io", "hero_id": 91},
  {"name": "visage", "hero_id": 92},
  {"name": "slark", "hero_id": 93},
  {"name": "medusa", "hero_id": 94},
  {"name": "troll-warlord", "hero_id": 95},
  {"name": "centaur-warrunner", "hero_id": 96},
  {"name": "magnus", "hero_id": 97},
  {"name": "timbersaw", "hero_id": 98},
  {"name": "bristleback", "hero_id": 99},
  {"name": "tusk", "hero_id": 100},
  {"name": "skywrath-mage", "hero_id": 101},
  {"name": "abaddon", "hero_id": 102},
  {"name": "elder-titan", "hero_id": 103},
  {"name": "legion-commander", "hero_id": 104},
  {"name": "techies", "hero_id": 105},
  {"name": "ember-spirit", "hero_id": 106},
  {"name": "earth-spirit", "hero_id": 107},
  {"name": "underlord", "hero_id": 108},
  {"name": "terrorblade", "hero_id": 109},
  {"name": "phoenix", "hero_id": 110},
  {"name": "oracle", "hero_id": 111},
  {"name": "winter-wyvern", "hero_id": 112},
  {"name": "arc-warden", "hero_id": 113},
  {"name": "monkey-king", "hero_id": 114},
  {"name": "dark-willow", "hero_id": 119},
  {"name": "pangolier", "hero_id": 120},
  {"name": "grimstroke", "hero_id": 121},
  {"name": "hoodwink", "hero_id": 123},
  {"name": "void-spirit", "hero_id": 126},
  {"name": "snapfire", "hero_id": 128},
  {"name": "mars", "hero_id": 129},
  {"name": "ringmaster", "hero_id": 131},
  {"name": "dawnbreaker", "hero_id": 135},
  {"name": "marci", "hero_id": 136},
  {"name": "primal-beast", "hero_id": 137},
  {"name": "muerta", "hero_id": 138},
  {"name": "kez", "hero_id": 145}
]